"measure","cue","n","V","p_raw","p_holm","significance","xpos","y_star"
"Calories","Peach smoothie",28,300,1.91581437766463e-05,7.72295977918454e-05,"***",1,102
"Calories","Chocolate-orange",28,325,1.29415569609671e-05,7.72295977918454e-05,"***",2,102
"Sugar","Peach smoothie",28,253,4.28627803043056e-05,8.57255606086112e-05,"***",1,102
"Sugar","Chocolate-orange",28,325,1.28715996319742e-05,7.72295977918454e-05,"***",2,102
"Fat","Peach smoothie",28,231,6.2978987059498e-05,8.57255606086112e-05,"***",1,102
"Fat","Chocolate-orange",28,276,2.84607613735891e-05,8.53822841207673e-05,"***",2,102
